country,ceo_estimated_pay_gbp_year,worker_estimated_pay_gbp_year,weight,ceo_worker_ratio
GB-GBN,1000000,20000,0.4499656002781321,50
GB-GBN,100000,14000,0.8371462468378277,7.142857142857143
GB-GBN,500000,14000,0.9736412303388833,35.714285714285715
GB-GBN,80000,20000,1.7825264553846838,4
GB-GBN,250000,25000,1.2474722238609406,10
GB-GBN,300000,18000,0.7395700067175516,16.666666666666668
GB-GBN,200000,500,1.3294523268758198,400
GB-GBN,65000,14000,0.47986573427291296,4.642857142857143
GB-GBN,200000,18000,0.657837713989646,11.11111111111111
GB-GBN,100000,20000,1.1500727584195927,5
GB-GBN,180000,16000,1.287127131673599,11.25
GB-GBN,145000,18000,0.9834979534090484,8.055555555555555
GB-GBN,120000,15000,1.0790219910997139,8
GB-GBN,100000,16000,0.46870935399117464,6.25
GB-GBN,70000,10000,0.4527839411594187,7
GB-GBN,250000,20000,0.8913580671196619,12.5
GB-GBN,1000000,25000,0.9695795470710966,40
GB-GBN,120000,12000,1.1752729849026966,10
GB-GBN,500000,12000,4.5000764533996636,41.666666666666664
GB-GBN,60000,28000,1.4137710924927895,2.142857142857143
GB-GBN,40000,18000,1.2227415590338413,2.2222222222222223
GB-GBN,40000,20000,0.488099757247298,2
GB-GBN,200000,18000,0.4015283359857743,11.11111111111111
GB-GBN,25000,12000,1.1462216763107556,2.0833333333333335
GB-GBN,500000,16000,0.43315430951958656,31.25
GB-GBN,100000,18000,1.6899983789162336,5.555555555555555
GB-GBN,1000000,20000,0.49679021845627175,50
GB-GBN,100000,25000,0.8790932118801025,4
GB-GBN,150000,13000,0.9091820537842635,11.538461538461538
GB-GBN,100000,19000,0.7046551910220032,5.2631578947368425
GB-GBN,150000,14000,0.5233364882777192,10.714285714285714
GB-GBN,200000,25000,0.3273960076567365,8
GB-GBN,100000,15000,0.922797024068095,6.666666666666667
GB-GBN,150000,18000,1.1045990696269108,8.333333333333334
GB-GBN,250000,15000,0.39988064187975597,16.666666666666668
GB-GBN,110000,16000,1.773163410997946,6.875
GB-GBN,500000,20000,1.4019347060001712,25
GB-GBN,500000,25000,1.0757743984511152,20
GB-GBN,200000,15000,2.9712242932251645,13.333333333333334
GB-GBN,200000,15000,0.8242805330864761,13.333333333333334
GB-GBN,100000,15000,1.455527877547387,6.666666666666667
GB-GBN,500000,20000,0.5242711640340215,25
GB-GBN,500000,10000,0.4573767628051753,50
GB-GBN,300000,12000,0.5617284155529761,25
GB-GBN,800000,19000,0.5839127607756299,42.10526315789474
GB-GBN,100000,15000,1.0542271812438326,6.666666666666667
GB-GBN,150000,15000,1.0867048616954496,10
GB-GBN,200000,20000,1.1651781609981569,10
GB-GBN,100000,1000,2.070752119555072,100
GB-GBN,250000,18000,0.8828906101123125,13.88888888888889
GB-GBN,250000,18000,0.48910797427683267,13.88888888888889
GB-GBN,120000,10000,1.3665163768853374,12
GB-GBN,200000,20000,1.855037900225202,10
GB-GBN,200000,3000,0.39424681031133263,66.66666666666667
GB-GBN,50000,8000,0.6594110211604315,6.25
GB-GBN,500000,8000,0.5495117943682625,62.5
GB-GBN,31200,15000,1.0009939485006993,2.08
GB-GBN,1000000,20000,0.4264599551608543,50
GB-GBN,600000,22000,0.9075660250220432,27.272727272727273
GB-GBN,100000,15000,1.2771267713466012,6.666666666666667
GB-GBN,1000000,15000,1.3029932542028726,66.66666666666667
GB-GBN,200000,18000,0.8470962432945711,11.11111111111111
GB-GBN,100000,15000,0.595140897044155,6.666666666666667
GB-GBN,500000,15000,0.5274164629013696,33.333333333333336
GB-GBN,60000,12500,1.1887514590754777,4.8
GB-GBN,250000,20000,0.37971774204654524,12.5
GB-GBN,250000,12000,0.8882606264573817,20.833333333333332
GB-GBN,500000,30000,0.45386021831958956,16.666666666666668
GB-GBN,200000,20000,0.7238091221261234,10
GB-GBN,100000,20000,1.025568635669921,5
GB-GBN,180000,20000,1.6979027503144817,9
GB-GBN,35000,18000,0.9497956917390175,1.9444444444444444
GB-GBN,80000,18000,2.401954201309728,4.444444444444445
GB-GBN,80000,10000,1.2205419608496175,8
GB-GBN,10000,12000,1.4090193490325609,0.8333333333333334
GB-GBN,60000,28000,0.5703651302436933,2.142857142857143
GB-GBN,100000,16000,0.8430669457493237,6.25
GB-GBN,1000000,36000,0.9951005613397392,27.77777777777778
GB-GBN,1000000,15000,0.5313335692878784,66.66666666666667
GB-GBN,200,15,0.634171079884117,13.333333333333334
GB-GBN,1000000,25000,1.6529327002243448,40
GB-GBN,1000000,20000,0.9153100964899663,50
GB-GBN,30000,5000,0.7140418513031266,6
GB-GBN,110000,16000,1.0633593285836078,6.875
GB-GBN,100000,16000,1.3028590758321201,6.25
GB-GBN,50000,18000,0.5986790215711619,2.7777777777777777
GB-GBN,3000000,12000,0.5557507127584808,250
GB-GBN,750000,20000,0.6982831591687367,37.5
GB-GBN,150000,19000,1.286044308463128,7.894736842105263
GB-GBN,500000,25000,0.9426881845117984,20
GB-GBN,88000,19000,1.468626868727629,4.631578947368421
GB-GBN,60000,8000,0.5224377688168472,7.5
GB-GBN,5000000,25000,0.891514733835466,200
GB-GBN,250000,12000,1.1893645953466854,20.833333333333332
GB-GBN,100000,12000,1.737512556153778,8.333333333333334
GB-GBN,120000,20000,0.5869129816286627,6
GB-GBN,35000,25000,0.5558107234397044,1.4
GB-GBN,3000000,15000,0.89109666359905,200
GB-GBN,700000,18000,0.7042948763681428,38.888888888888886
GB-GBN,2300000,15000,0.6362825412953953,153.33333333333334
GB-GBN,750000,17000,0.934943048136171,44.11764705882353
GB-GBN,100000,12000,0.5282445226039739,8.333333333333334
GB-GBN,1000000,15000,0.9426264825065737,66.66666666666667
GB-GBN,120000,12000,3.283019246408575,10
GB-GBN,600000,20000,0.8327742369366571,30
GB-GBN,120000,10000,1.1122652775491546,12
GB-GBN,100000,7000,0.3995034453066996,14.285714285714286
GB-GBN,80000,20000,1.6844312920042235,4
GB-GBN,100000,30000,1.3914013906879432,3.3333333333333335
GB-GBN,600000,19000,1.7487571045292765,31.57894736842105
GB-GBN,50000,2000,0.4118468844706797,25
GB-GBN,200000,12000,0.9629662823019719,16.666666666666668
GB-GBN,60000,25000,0.6666827747406446,2.4
GB-GBN,100000,15000,1.2744162680307911,6.666666666666667
GB-GBN,200000,20000,1.1986484607135206,10
GB-GBN,250000,45000,0.519062074035574,5.555555555555555
GB-GBN,50000,10500,0.4871226417868944,4.761904761904762
GB-GBN,90000,12000,1.0560186065691282,7.5
GB-GBN,70000,19000,2.760918802767499,3.6842105263157894
GB-GBN,100000,13000,0.5429594172631768,7.6923076923076925
GB-GBN,75000,29000,0.4988197132951272,2.586206896551724
GB-GBN,80000,12000,0.961945223738355,6.666666666666667
GB-GBN,1000000,13000,1.2423495166698078,76.92307692307692
GB-GBN,1000000,23000,0.6986598859295707,43.47826086956522
GB-GBN,95000,10000,0.8692916760856764,9.5
GB-GBN,120000,18000,1.391215345047824,6.666666666666667
GB-GBN,50000,19000,0.6835732758399076,2.6315789473684212
GB-GBN,500000,18000,0.4886965440531617,27.77777777777778
GB-GBN,150000,20000,1.0191575154397405,7.5
GB-GBN,100000,18000,2.414717057505162,5.555555555555555
GB-GBN,90000,19000,1.4581129723205983,4.7368421052631575
GB-GBN,300000,20000,0.5551718414587026,15
GB-GBN,1000000,18000,0.5006672968414216,55.55555555555556
GB-GBN,750000,17500,1.1366692036358965,42.857142857142854
GB-GBN,100000,10000,1.3232471723239936,10
GB-GBN,250000,17000,0.7399825644905567,14.705882352941176
GB-GBN,300000,18000,1.3382533505611607,16.666666666666668
GB-GBN,100000,30000,0.48948160027699794,3.3333333333333335
GB-GBN,250000,16000,1.3916649866655935,15.625
GB-GBN,350000,15000,0.38369670704235304,23.333333333333332
GB-GBN,200000,15000,1.2103385163592304,13.333333333333334
GB-GBN,100000,20000,1.1823646437976092,5
GB-GBN,750000,1750,1.1949994605019982,428.57142857142856
GB-GBN,90000,15000,3.109877280868343,6
GB-GBN,200000,15000,1.5627501769372487,13.333333333333334
GB-GBN,80000,15000,0.38015366514741705,5.333333333333333
GB-GBN,150000,15000,0.5193673580177696,10
GB-GBN,3000000,15000,1.0600771577554313,200
GB-GBN,45000,10000,0.5195076752682298,4.5
GB-GBN,100000,22000,1.0450275688689032,4.545454545454546
GB-GBN,100000,22000,0.451348007082499,4.545454545454546
GB-GBN,100000,15000,0.634815599611789,6.666666666666667
GB-GBN,215000,23000,0.48844278281136955,9.347826086956522
GB-GBN,1200000,22000,1.8748855247362848,54.54545454545455
GB-GBN,1000000,10000,2.1313378509390626,100
GB-GBN,100000,16000,0.4441224203833524,6.25
GB-GBN,150000,20000,0.8174242814358623,7.5
GB-GBN,50000,20000,0.46192416926942126,2.5
GB-GBN,100000,18000,0.40302453131043636,5.555555555555555
GB-GBN,750000,20000,1.0225831982414904,37.5
GB-GBN,3000000,17000,0.6409767170979576,176.47058823529412
GB-GBN,30000,6000,1.4148507836217774,5
GB-GBN,150000,18000,0.9766073741453758,8.333333333333334
GB-GBN,200000,15000,1.1132651632419432,13.333333333333334
GB-GBN,300000,18000,2.483616084845885,16.666666666666668
GB-GBN,140000,25000,1.0661407422242042,5.6
GB-GBN,300000,16000,0.93553501153655,18.75
GB-GBN,190000,18000,0.9071272204062065,10.555555555555555
GB-GBN,100000,28000,2.2261993281127115,3.5714285714285716
GB-GBN,250000,18000,0.3513202867850972,13.88888888888889
GB-GBN,250000,14000,0.5992229388415843,17.857142857142858
GB-GBN,100000,17000,0.4792639048158608,5.882352941176471
GB-GBN,70000,12000,1.3068978322634477,5.833333333333333
GB-GBN,100000,20000,0.5942139888499316,5
GB-GBN,100000,16000,0.41739104454623077,6.25
GB-GBN,75000,17000,0.62274223983413,4.411764705882353
GB-GBN,40000,12000,0.9137263908086556,3.3333333333333335
GB-GBN,50000,15000,1.2104913619356246,3.3333333333333335
GB-GBN,500000,14000,0.4112612478748972,35.714285714285715
GB-GBN,100000,8000,0.4708013025348108,12.5
GB-GBN,200000,1500,0.3733884631055283,133.33333333333334
GB-GBN,3000000,20000,1.0233118456778088,150
GB-GBN,70000,15000,0.7332405711724607,4.666666666666667
GB-GBN,40000,18000,1.69417394466676,2.2222222222222223
GB-GBN,200000,28000,0.8793517965273792,7.142857142857143
GB-GBN,400000,15000,1.873815104568488,26.666666666666668
GB-GBN,2500000,15000,0.5023351928730085,166.66666666666666
GB-GBN,20000,10000,0.5288077961379644,2
GB-GBN,100000,23000,0.5489293524955932,4.3478260869565215
GB-GBN,250000,12000,0.4246126535018933,20.833333333333332
GB-GBN,60000,18000,0.49717280220947974,3.3333333333333335
GB-GBN,150000,19000,0.6006774148408862,7.894736842105263
GB-GBN,60000,10000,1.8679946949060933,6
GB-GBN,120000,7500,0.5979595824544047,16
GB-GBN,500000,24000,0.9598921443259288,20.833333333333332
GB-GBN,1000000,15000,1.4408187459181139,66.66666666666667
GB-GBN,2000000,20000,0.9376571220248723,100
GB-GBN,1000000,14000,0.8410472543255115,71.42857142857143
GB-GBN,250000,20000,0.8560837511114388,12.5
GB-GBN,500000,25000,1.2527892453873093,20
GB-GBN,500000,20000,0.6842907730661449,25
GB-GBN,65000,15000,0.6803009397475894,4.333333333333333
GB-GBN,1000000,14500,0.8929156512414003,68.96551724137932
GB-GBN,100000,18000,2.2575617369896883,5.555555555555555
GB-GBN,250000,20000,0.4884790523149483,12.5
GB-GBN,200000,20000,1.0508335709564738,10
GB-GBN,200000,18000,0.8881439877429366,11.11111111111111
GB-GBN,50000,20000,0.9864533228552377,2.5
GB-GBN,200000,12000,1.6720401512392498,16.666666666666668
GB-GBN,250000,20000,0.8531097771012377,12.5
GB-GBN,800000,18000,1.08665925858905,44.44444444444444
GB-GBN,500000,18000,1.2873304664035072,27.77777777777778
GB-GBN,200000,10000,0.7093575102364226,20
GB-GBN,100000,20000,0.7203475456705728,5
GB-GBN,250000,20000,1.10966940841564,12.5
GB-GBN,300000,20000,0.673964738906494,15
GB-GBN,150000,20000,1.4329736335015335,7.5
GB-GBN,160000,45000,0.9191004162180236,3.5555555555555554
GB-GBN,100000,18000,0.9816259709479976,5.555555555555555
GB-GBN,40000,18000,1.116132020065409,2.2222222222222223
GB-GBN,80000,11000,1.6350358613444373,7.2727272727272725
GB-GBN,3000000,18000,0.4644328725752503,166.66666666666666
GB-GBN,600000,15000,0.8929464082815681,40
GB-GBN,300000,15000,0.8367299305670425,20
GB-GBN,10000,19000,1.8154423766774703,0.5263157894736842
GB-GBN,500000,10000,0.45483996472843935,50
GB-GBN,70000,15000,0.5728865811211602,4.666666666666667
GB-GBN,2000000,17000,1.005442569114956,117.6470588235294
GB-GBN,150000,18000,0.4890330235669328,8.333333333333334
GB-GBN,50000,20000,0.7142383580954007,2.5
GB-GBN,100000,10000,0.3881768050755189,10
GB-GBN,95000,19000,0.5164066327122435,5
GB-GBN,150000,15000,0.4533172406736121,10
GB-GBN,5000000,8000,0.4157981305453587,625
GB-GBN,150000,22000,1.919177416543617,6.818181818181818
GB-GBN,250000,15000,0.7795079920546878,16.666666666666668
GB-GBN,50000,14000,0.7493965365222159,3.5714285714285716
GB-GBN,70000,15000,0.9149170202637886,4.666666666666667
GB-GBN,45000,19000,0.9631201927860705,2.3684210526315788
GB-GBN,150000,16000,1.0280177354651192,9.375
GB-GBN,150000,17000,0.9844188480068234,8.823529411764707
GB-GBN,100000,18000,0.67627226861863865,5.555555555555555
GB-GBN,1000000,15000,0.5559416444457141,66.66666666666667
GB-GBN,1000000,14000,3.0319924370347535,71.42857142857143
GB-GBN,80000,12000,1.4928478812557353,6.666666666666667
GB-GBN,150000,14000,1.408005682181245,10.714285714285714
GB-GBN,65000,10000,0.9791594567797511,6.5
GB-GBN,200000,12000,1.2647318720838474,16.666666666666668
GB-GBN,1500000,11000,0.6196877713298032,136.36363636363637
GB-GBN,150000,20000,0.6479004964253552,7.5
GB-GBN,200000,8000,0.569967794386698,25
GB-GBN,500000,20000,1.5467665387107148,25
GB-GBN,100000,15000,1.620824104254742,6.666666666666667
GB-GBN,1000000,19200,0.7990372091621594,52.083333333333336
GB-GBN,200000,17000,0.5299570194758857,11.764705882352942
GB-GBN,600000,16000,0.41880749707632325,37.5
GB-GBN,150000,10000,0.8783143258567888,15
GB-GBN,1500000,15000,0.8403716643495233,100
GB-GBN,1000000,20000,1.824785751592492,50
GB-GBN,5000000,18000,0.993735287021087,277.77777777777777
GB-GBN,8000,1200,1.7887992628965534,6.666666666666667
GB-GBN,60000,18000,1.790694046910804,3.3333333333333335
GB-GBN,40000,20000,0.4987626154496832,2
GB-GBN,120000,18000,1.492089541686953,6.666666666666667
GB-GBN,250000,22000,1.472821226967056,11.363636363636363
GB-GBN,300000,19000,0.6263181372638279,15.789473684210526
GB-GBN,500000,20000,0.6662311912323554,25
GB-GBN,200000,20000,0.9106751796690716,10
GB-GBN,600000,15000,1.0626627536616802,40
GB-GBN,80000,12000,0.4833184156170503,6.666666666666667
GB-GBN,100000,20000,0.36634544543605424,5
GB-GBN,100000,8500,0.5501344521671798,11.764705882352942
GB-GBN,80000,16000,1.6542695978847566,5
GB-GBN,150000,15000,1.7964163597811358,10
GB-GBN,100000,14000,1.2570012685663035,7.142857142857143
GB-GBN,42500,160000,1.2054830383602686,0.265625
GB-GBN,3000000,20000,0.7616119048743364,150
GB-GBN,450000,14000,1.2441939368138037,32.142857142857146
GB-GBN,500000,18000,0.45267682397268344,27.77777777777778
GB-GBN,86000,18000,0.6025671875247633,4.777777777777778
GB-GBN,50000,15000,1.3082730666012174,3.3333333333333335
GB-GBN,1000000,14000,1.3492171391524794,71.42857142857143
GB-GBN,150000,18000,0.9369021651040924,8.333333333333334
GB-GBN,400000,20000,0.5756541509615994,20
GB-GBN,200000,20000,0.3782407777021918,10
GB-GBN,70000,18000,1.1139211463878447,3.888888888888889
GB-GBN,2000000,20000,0.757427819862175,100
GB-GBN,120000,20000,1.0463780597629533,6
GB-GBN,30000,18000,0.8764742279852398,1.6666666666666667
GB-GBN,200000,20000,0.5584545760615459,10
GB-GBN,100000,20000,0.5960366097068027,5
GB-GBN,180000,16000,0.6670374516478348,11.25
GB-GBN,1500000,10000,0.8962467451823487,150
GB-GBN,1055,1073,1.343464758299906,0.983224603914259
GB-GBN,1000000,20000,1.7795186548944608,50
GB-GBN,2000000,16000,1.3255502544804318,125
GB-GBN,120000,16000,1.4044725689846116,7.5
GB-GBN,1500000,12000,0.8190045418275411,125
GB-GBN,50000,20000,0.46784032666276615,2.5
GB-GBN,600000,25000,0.6111866131256917,24
GB-GBN,1000000,20000,0.41664554651153113,50
GB-GBN,100000,20500,0.5235835468651368,4.878048780487805
GB-GBN,50000,10000,0.9008120045110505,5
GB-GBN,100000,20000,0.5611265547751093,5
GB-GBN,1000000,25000,1.0027682100194653,40
GB-GBN,500000,25000,0.9736648462332688,20
GB-GBN,150000,12000,0.5307081552572556,12.5
GB-GBN,100000,20000,0.47995302538385776,5
GB-GBN,100000,12000,0.5006838029108397,8.333333333333334
GB-GBN,800000,18000,1.0187825426445376,44.44444444444444
GB-GBN,50000,15000,1.7571646134970318,3.3333333333333335
GB-GBN,120000,15000,0.9495351652012209,8
GB-GBN,875000,12000,0.9949187126888079,72.91666666666667
GB-GBN,300000,11000,0.9473320590857358,27.272727272727273
GB-GBN,450000,10500,1.2113843810081963,42.857142857142854
GB-GBN,250000,15000,1.078973005345312,16.666666666666668
GB-GBN,100000,10000,0.5295807312064595,10
GB-GBN,3000000,20000,0.7388374128585639,150
GB-GBN,113000,10000,1.5247185643158523,11.3
GB-GBN,2000000,10000,0.4431772834748952,200
GB-GBN,200000,18000,0.500510943333766,11.11111111111111
GB-GBN,80000,16000,1.0993178791127134,5
GB-GBN,1000000,20000,0.7806961158446339,50
GB-GBN,350000,12000,0.8910472393532405,29.166666666666668
GB-GBN,60000,15000,0.7279531164952961,4
GB-GBN,200000,20000,1.4063226268752782,10
GB-GBN,500000,13000,1.0089914053606366,38.46153846153846
GB-GBN,3000000,9500,0.3946954809838423,315.7894736842105
GB-GBN,155000,15000,0.62274223983413,10.333333333333334
GB-GBN,45000,15000,2.0975509604273483,3
GB-GBN,90000,18000,1.4029793178165442,5
GB-GBN,500000,16000,0.522952056596436,31.25
GB-GBN,140000,20000,1.717541277065727,7
GB-GBN,500000,14000,0.9301359294753142,35.714285714285715
GB-GBN,2500000,15000,0.5010013020108208,166.66666666666666
GB-GBN,400000,20000,0.7183958204149524,20
GB-GBN,1000000,20000,1.4416079051686934,50
GB-GBN,2000000,15000,0.5691570237738824,133.33333333333334
GB-GBN,1200000,18000,1.267219621764552,66.66666666666667
GB-GBN,10000,15000,0.6978152888367334,0.6666666666666666
GB-GBN,100000,18000,0.9888123439869709,5.555555555555555
GB-GBN,100000,18000,0.6928081554523411,5.555555555555555
GB-GBN,1000000,13000,0.4389817663653191,76.92307692307692
GB-GBN,500000,22000,0.6342347237798615,22.727272727272727
GB-GBN,200000,20000,0.4981949256808011,10
GB-GBN,50000,12000,0.6077920632138877,4.166666666666667
GB-GBN,500000,15000,1.8863643528067482,33.333333333333336
GB-GBN,200000,18000,1.1433395349296505,11.11111111111111
GB-GBN,250000,18000,1.8132489173729542,13.88888888888889
GB-GBN,80000,20000,0.49560660486366176,4
GB-GBN,150000,22000,1.158894328559465,6.818181818181818
GB-GBN,80000,15000,1.1987491884540296,5.333333333333333
GB-GBN,150000,12000,0.895250304779192,12.5
GB-GBN,250000,12000,1.0054529049838514,20.833333333333332
GB-GBN,200000,20000,0.8112512620400566,10
GB-GBN,150000,10000,0.9425836356318796,15
GB-GBN,250000,15000,1.2271572927925214,16.666666666666668
GB-GBN,10000000,22000,0.7224063881129286,454.54545454545456
GB-GBN,300000,18000,1.2703738783849428,16.666666666666668
GB-GBN,80000,15000,0.7298667556400774,5.333333333333333
GB-GBN,1000000,20000,1.1783726180220153,50
GB-GBN,80000,18000,1.4747130041830825,4.444444444444445
GB-GBN,750000,18000,0.8844866561946682,41.666666666666664
GB-GBN,500000,18000,0.722238257978895,27.77777777777778
GB-GBN,300000,14000,0.6153208980422655,21.428571428571427
GB-GBN,200000,12000,0.8637307906950035,16.666666666666668
GB-GBN,120000,25000,1.2814298754551352,4.8
GB-GBN,150000,20000,1.4222194438030897,7.5
GB-GBN,250000,10000,1.0652653880911989,25
GB-GBN,95000,20000,1.452823763677803,4.75
GB-GBN,500000,20000,1.0593793300009104,25
GB-GBN,60000,16000,2.2893668969051704,3.75
GB-GBN,250000,14000,0.8212056434108769,17.857142857142858
GB-GBN,1500000,22000,0.9001817670749431,68.18181818181819
GB-GBN,1000000,10000,1.3271229352349205,100
GB-GBN,5000000,20000,0.6284451337992644,250
GB-GBN,150000,17500,1.6303041632057027,8.571428571428571
GB-GBN,300000,15000,1.5822574068327064,20
GB-GBN,150000,17000,0.59443812060089,8.823529411764707
GB-GBN,250000,30000,1.2064692681777893,8.333333333333334
GB-GBN,95000,16000,0.6226878668995767,5.9375
GB-GBN,50000,15000,2.2608080768056933,3.3333333333333335
GB-GBN,1000000,15000,0.9860208450439977,66.66666666666667
GB-GBN,90000,14000,1.1751408110640935,6.428571428571429
GB-GBN,15000,9000,1.00333636960057,1.6666666666666667
GB-GBN,3000,900,0.45774071067355654,3.3333333333333335
GB-GBN,48000,14000,2.157379479791891,3.4285714285714284
GB-GBN,500000,16500,0.7283820237336449,30.303030303030305
GB-GBN,350000,20000,0.9029905551077052,17.5
GB-GBN,150000,15000,1.3729159710556587,10
GB-GBN,7000000,7000,0.9685797866615674,1000
GB-GBN,100000,10000,1.360356199023614,10
GB-GBN,80000,20000,1.499376893032954,4
GB-GBN,60000,17000,0.5498273202569091,3.5294117647058822
GB-GBN,40000,7000,0.42474247827938394,5.714285714285714
GB-GBN,100000,25000,1.9489764156272962,4
GB-GBN,300000,25000,0.9703218503826831,12
GB-GBN,250000,12000,1.004519231493624,20.833333333333332
GB-GBN,100000,18000,1.1662173856343778,5.555555555555555
GB-GBN,60000,18000,1.1279608895624669,3.3333333333333335
GB-GBN,70000,17000,0.8542786072692455,4.117647058823529
GB-GBN,350000,17000,0.5450002189161877,20.58823529411765
GB-GBN,150000,14000,1.0454872331474199,10.714285714285714
GB-GBN,150000,19000,0.6041000282027822,7.894736842105263
GB-GBN,100000,15000,0.5263055135991764,6.666666666666667
GB-GBN,2000000,12000,1.6447330361838335,166.66666666666666
GB-GBN,280000,17000,1.0160504279664913,16.470588235294116
GB-GBN,500000,15000,0.8139309456740692,33.333333333333336
GB-GBN,100000,15000,1.2486076660403345,6.666666666666667
GB-GBN,200000,20000,1.0552785583562097,10
GB-GBN,150000,18000,0.7010321244451642,8.333333333333334
GB-GBN,100000,19000,0.7422018321464967,5.2631578947368425
GB-GBN,300000,21000,2.5256248145350138,14.285714285714286
GB-GBN,10000,15,0.8591925299086892,666.6666666666666
GB-GBN,500000,20000,0.3981733442631069,25
GB-GBN,80000,18000,0.48732365877650463,4.444444444444445
GB-GBN,750000,16900,1.3732053753847329,44.37869822485207
GB-GBN,500000,12000,1.2130386211645152,41.666666666666664
GB-GBN,250000,13000,0.8741450869108591,19.23076923076923
GB-GBN,150000,12000,0.8821411030133138,12.5
GB-GBN,70000,16000,1.3301603025743474,4.375
GB-GBN,100000,10000,1.0007922424531626,10
GB-GBN,91131,19064,0.6088596645083493,4.780266470835082
GB-GBN,2000000,12000,1.2842432363268632,166.66666666666666
GB-GBN,60000,12000,0.828842535050435,5
GB-GBN,100000,10000,1.377903748176483,10
GB-GBN,250000,17500,0.5984602770003551,14.285714285714286
GB-GBN,750000,30000,0.9939007235650449,25
GB-GBN,55000,21000,1.065875392280923,2.619047619047619
GB-GBN,1500000,18000,0.819284737837054,83.33333333333333
GB-GBN,80000,14000,0.9806827132884305,5.714285714285714
GB-GBN,100000,16000,2.0595576844833094,6.25
GB-GBN,5000000,12000,2.4728893321812366,416.6666666666667
GB-GBN,80000,300,0.5894997050842453,266.6666666666667
GB-GBN,60000,12000,0.6163013648298564,5
GB-GBN,150000,15000,0.9802087040767195,10
GB-GBN,100000,17000,0.9586321079451218,5.882352941176471
GB-GBN,120000,16000,0.7497164473249395,7.5
GB-GBN,1000000,20000,0.3441876602643805,50
GB-GBN,100000,15000,0.9148261272591377,6.666666666666667
GB-GBN,300000,24000,0.5852588667556031,12.5
GB-GBN,150000,20000,1.4745954884858221,7.5
GB-GBN,200000,10000,2.822493770767234,20
GB-GBN,50000,15000,2.068914715273599,3.3333333333333335
GB-GBN,160000,17000,0.8746930132455805,9.411764705882353
GB-GBN,150000,18000,2.6842594797767685,8.333333333333334
GB-GBN,1000000,18000,0.8214932311326908,55.55555555555556
GB-GBN,350000,12000,0.8347406829752498,29.166666666666668
GB-GBN,100000,16000,2.7764213532781694,6.25
GB-GBN,500000,17000,1.102607942786228,29.41176470588235
GB-GBN,30000,5000,2.901409946391707,6
GB-GBN,1000000,18000,0.876589112734054,55.55555555555556
GB-GBN,5000000,20000,0.8725964605421634,250
GB-GBN,100000,9000,0.43623063995266803,11.11111111111111
GB-GBN,120000,18000,1.0259904017624872,6.666666666666667
GB-GBN,1500000,22000,0.6488648016724914,68.18181818181819
GB-GBN,120000,12000,0.789725468270121,10
GB-GBN,500000,14000,0.4809947243644509,35.714285714285715
GB-GBN,50000,3000,1.22367880309696,16.666666666666668
GB-GBN,1000000,12500,0.43431584193773787,80
GB-GBN,250000,30000,0.5411882878258942,8.333333333333334
GB-GBN,500000,10000,0.5724552935008839,50
GB-GBN,200000,30000,0.3241406474460588,6.666666666666667
GB-GBN,200000,25000,0.8538089203299818,8
GB-GBN,120000,15000,0.7047469610094695,8
GB-GBN,300000,20000,1.2511172150081644,15
GB-GBN,100000,16000,0.5022321787130166,6.25
GB-GBN,1000000,25000,2.139151517257549,40
GB-GBN,5000000,15000,0.3800877035113748,333.3333333333333
GB-GBN,100000,15000,0.37968604538193235,6.666666666666667
GB-GBN,60000,19000,1.531321994349119,3.1578947368421053
GB-GBN,1000000,20000,1.0182922466091124,50
GB-GBN,110000,18000,1.1691109277920833,6.111111111111111
GB-GBN,150000,17000,1.3849072076568207,8.823529411764707
GB-GBN,80000,12000,0.5100906024759018,6.666666666666667
GB-GBN,1000000,15000,0.9949187126888079,66.66666666666667
GB-GBN,100000,25000,1.6092544458212574,4
GB-GBN,100000,15000,0.9796713015357826,6.666666666666667
GB-GBN,200000,15000,0.4892997516260666,13.333333333333334
GB-GBN,150000,35000,1.308061839025971,4.285714285714286
GB-GBN,120000,20000,0.5165804945553919,6
GB-GBN,90000,20000,0.9980228560054629,4.5
GB-GBN,100000,16000,0.8217712346851651,6.25
GB-GBN,200000,15000,1.1734233028618082,13.333333333333334
GB-GBN,170000,14000,1.3932628493552095,12.142857142857142
GB-GBN,500000,19000,1.9119019671072535,26.31578947368421
GB-GBN,500000,20000,0.5347269916503482,25
GB-GBN,15000,3000,0.4757218651869995,5
GB-GBN,500000,12000,1.5125133439077383,41.666666666666664
GB-GBN,250000,17000,1.0175589010505686,14.705882352941176
GB-GBN,4500000,10000,0.8725964605421634,450
GB-GBN,1000000,11000,0.46045575550751777,90.9090909090909
GB-GBN,100000,10000,3.1001244802617998,10
GB-GBN,150000,17000,1.1682918258425214,8.823529411764707
GB-GBN,150000,17000,1.1600277662067098,8.823529411764707
GB-GBN,400000,20000,1.9543539489679256,20
GB-GBN,10000000,14000,1.200242439622097,714.2857142857143
GB-GBN,10000000,16000,0.7157505270356284,625
GB-GBN,75000,20000,1.0609659171971857,3.75
GB-GBN,10000000,15000,0.7042384989014402,666.6666666666666
GB-GBN,100000,6000,0.97420143443302,16.666666666666668
GB-GBN,1000000,15000,0.9095989338297157,66.66666666666667
GB-GBN,80000,15500,0.9944120045464094,5.161290322580645
GB-GBN,600000,14000,0.9414015254383817,42.857142857142854
GB-GBN,80000,20000,0.6411950858189862,4
GB-GBN,50000,14000,0.834384627952207,3.5714285714285716
GB-GBN,80000,16000,0.7874624141150418,5
GB-GBN,250000,12000,0.490157221573801,20.833333333333332
GB-GBN,200000,15000,0.5868929363071684,13.333333333333334
GB-GBN,750000,15000,0.7506392838132342,50
GB-GBN,120000,16000,0.6378117487588933,7.5
GB-GBN,100000,15000,0.9216910860962756,6.666666666666667
GB-GBN,125000,12000,1.2887964058210388,10.416666666666666
GB-GBN,40000,20000,0.8367519804206863,2
GB-GBN,200000,20000,0.8341361286073071,10
GB-GBN,2000000,20000,0.9635103248556537,100
GB-GBN,1500000,24000,1.7888738064358605,62.5
GB-GBN,100000,20000,1.0652162770535378,5
GB-GBN,200000,12000,1.0773048587472065,16.666666666666668
GB-GBN,90000,10000,0.678602224034205,9
GB-GBN,40000,15000,0.5276610784652299,2.6666666666666665
GB-GBN,90000,19000,0.6959173100993695,4.7368421052631575
GB-GBN,30000,14000,1.57048704461776,2.142857142857143
GB-GBN,200000,20000,0.5910544703326487,10
GB-GBN,100000,16000,0.6576983363636307,6.25
GB-GBN,100000,10000,0.6523315147416747,10
GB-GBN,100000,20000,1.1935959121476178,5
GB-GBN,120000,18000,0.6971063735137608,6.666666666666667
GB-GBN,250000,20000,1.3552610541495358,12.5
GB-GBN,100000,20000,0.4087086014658548,5
GB-GBN,150000,10000,0.6587249700322884,15
GB-GBN,180000,18000,1.5124931733029847,10
GB-GBN,50000,16000,0.6498306103187396,3.125
GB-GBN,100000,12000,0.9656464044273922,8.333333333333334
GB-GBN,60000,20000,1.0783979551849436,3
GB-GBN,50000,15000,1.6063023963814407,3.3333333333333335
GB-GBN,100000,12000,0.5968848400141609,8.333333333333334
GB-GBN,150000,46000,0.4101176309628314,3.260869565217391
GB-GBN,240000,20000,3.404809859044212,12
GB-GBN,100000,15000,2.117997940051111,6.666666666666667
GB-GBN,40000,15000,1.0089914053606366,2.6666666666666665
GB-GBN,260000,12000,0.8921606316789907,21.666666666666668
GB-GBN,75000,20000,0.7311824177880312,3.75
GB-GBN,12000000,15000,0.5685703222703956,800
GB-GBN,180000,20000,0.47453092252371815,9
GB-GBN,250000,20000,0.7771624388733336,12.5
GB-GBN,80000,20000,0.6483829622570716,4
GB-GBN,300000,23000,0.7119951613369268,13.043478260869565
GB-GBN,150000,25000,0.7810700237321327,6
GB-GBN,250000,20000,0.40715070413596804,12.5
GB-GBN,100000,30000,1.1947837227294156,3.3333333333333335
GB-GBN,95000,12000,0.703924789620054,7.916666666666667
GB-GBN,150000,12000,0.4509406798855714,12.5
GB-GBN,2500000,26000,0.44070008890879003,96.15384615384616
GB-GBN,1000000,5000,1.062354556843705,200
GB-GBN,180000,21000,1.0645612961737108,8.571428571428571
GB-GBN,7000000,24000,1.097332765868479,291.6666666666667
GB-GBN,1000000,20000,1.1391795043032822,50
GB-GBN,500000,17000,1.2426168711452381,29.41176470588235
GB-GBN,700000,15000,0.44273778980113226,46.666666666666664
GB-GBN,1000000,12000,0.4959281756695714,83.33333333333333
GB-GBN,9000,14000,0.927836292608508,0.6428571428571429
GB-GBN,100000,12000,0.9753406977518237,8.333333333333334
GB-GBN,1000000,19000,1.7753072581317635,52.63157894736842
GB-GBN,1000000,35000,0.8437724157826644,28.571428571428573
GB-GBN,100000,15000,0.6019031236086344,6.666666666666667
GB-GBN,1000000,12000,0.8929156512414003,83.33333333333333
GB-GBN,100000,18000,0.9274231710608358,5.555555555555555
GB-GBN,200000,15000,0.5031946047112626,13.333333333333334
GB-GBN,90000,20000,0.5073702644242335,4.5
GB-GBN,70000,9000,1.004386619163613,7.777777777777778
GB-GBN,120000,11000,0.5975548548851085,10.909090909090908
GB-GBN,120000,25000,1.372604266306422,4.8
GB-GBN,80000,20000,0.4314553745604983,4
GB-GBN,1000000,15000,0.7882428035374677,66.66666666666667
GB-GBN,200000,12000,1.0483776432236414,16.666666666666668
GB-GBN,100000,12000,0.43798313350512386,8.333333333333334
GB-GBN,200000,17500,0.7424426265709472,11.428571428571429
GB-GBN,300000,30000,2.894849112666616,10
GB-GBN,900000,23000,1.1394533735081982,39.130434782608695
GB-GBN,210000,25000,1.6696414779559356,8.4
GB-GBN,5000,2000,0.48815992453259577,2.5
GB-GBN,30000,12000,0.4153669055667121,2.5
GB-GBN,250000,20000,0.420602868824288,12.5
GB-GBN,50000,17000,1.5501306447904992,2.9411764705882355
GB-GBN,100000,20000,1.2443099491119523,5
GB-GBN,500000,15000,1.4599027689635224,33.333333333333336
GB-GBN,500000,20000,1.830813003916056,25
GB-GBN,500000,18000,0.9098087832891093,27.77777777777778
GB-GBN,500000,15000,0.42489369517340664,33.333333333333336
GB-GBN,5000000,18000,0.5327976920981495,277.77777777777777
GB-GBN,2000000,15000,1.8164361234905513,133.33333333333334
GB-GBN,30000,14500,0.8511520382491689,2.0689655172413794
GB-GBN,30000,20000,1.125808773733533,1.5
GB-GBN,200000,16000,1.0064684510840576,12.5
GB-GBN,150000,19000,1.1421702662702347,7.894736842105263
GB-GBN,200000,15000,0.9299427426894127,13.333333333333334
GB-GBN,80000,12000,0.9228106173017334,6.666666666666667
GB-GBN,50000,7000,1.3256989657092677,7.142857142857143
GB-GBN,250000,18000,0.385718904131352,13.88888888888889
GB-GBN,500000,15000,0.8886487539948155,33.333333333333336
GB-GBN,60,20,0.5087826139275825,3
GB-GBN,150000,17000,1.0769927781481918,8.823529411764707
GB-GBN,160000,20000,0.7356230202736903,8
GB-GBN,100000,22000,0.550157754853417,4.545454545454546
GB-GBN,150000,18000,1.8772636515650674,8.333333333333334
GB-GBN,150000,16000,1.4300694422667843,9.375
GB-GBN,1000000,15000,1.1740478399096155,66.66666666666667
GB-GBN,60000,7500,0.4493175726191985,8
GB-GBN,2000000,12000,0.6116010501475867,166.66666666666666
GB-GBN,125000,21000,1.0829074008216097,5.9523809523809526
GB-GBN,10000,17000,1.260190604499309,0.5882352941176471
GB-GBN,100000,20000,1.2632322314695537,5
GB-GBN,100000,18000,1.039680479360293,5.555555555555555
GB-GBN,300000,25000,1.3877146802153595,12
GB-GBN,250000,21000,0.9147535256103506,11.904761904761905
GB-GBN,150000,12000,0.8506962577516918,12.5
GB-GBN,75000,13000,1.178620929442026,5.769230769230769
GB-GBN,90000,17000,1.696477402672976,5.294117647058823
GB-GBN,80000,20000,0.5567358776682969,4
GB-GBN,1000000,25000,0.9595095918935357,40
GB-GBN,100000,20000,1.009300855011205,5
GB-GBN,250000,14000,1.0917420004204537,17.857142857142858
GB-GBN,500000,10000,0.90983246182512445,50
GB-GBN,100000,25000,0.5971867100275393,4
GB-GBN,150000,12000,2.4287292383627292,12.5
GB-GBN,1000000,15000,0.5228724390851257,66.66666666666667
GB-GBN,2000000,16000,1.181177459632108,125
GB-GBN,400000,20000,1.124228701266743,20
GB-GBN,100000,15000,0.9886751588179942,6.666666666666667
GB-GBN,800000,22000,0.9388755643635787,36.36363636363637
GB-GBN,120000,21000,1.0869539248150166,5.714285714285714
GB-GBN,500000,18000,1.4395478725353739,27.77777777777778
GB-GBN,100000,13000,1.0927366242163499,7.6923076923076925
GB-GBN,100000,15000,1.3811153845296513,6.666666666666667
GB-GBN,1000000,17000,0.5499602457950682,58.8235294117647
GB-GBN,90000,18000,0.6473636576590854,5
GB-GBN,80000,5000,1.3954466618487564,16
GB-GBN,100000,15000,0.8887990939060229,6.666666666666667
GB-GBN,80000,14000,0.4989442448549106,5.714285714285714
GB-GBN,250000,20000,0.5259026652787703,12.5
GB-GBN,20000,12000,1.2114727057060308,1.6666666666666667
GB-GBN,500000,13000,1.8623701029780464,38.46153846153846
GB-GBN,75000,12000,0.8272386587643707,6.25
GB-GBN,750000,16000,0.8449423108583767,46.875
GB-GBN,300000,15000,0.5050585690437158,20
GB-GBN,1000000,9000,0.9883091437758338,111.11111111111111
GB-GBN,70000,12000,0.9231778225348575,5.833333333333333
GB-GBN,2000000,12000,0.7488238041021454,166.66666666666666
GB-GBN,200000,25000,0.7123868594472518,8
GB-GBN,250000,14000,1.5800558041163333,17.857142857142858
GB-GBN,500000,16000,1.0089129153986602,31.25
GB-GBN,200000,17000,0.5127066108933551,11.764705882352942
GB-GBN,40000,25000,1.2137182828464321,1.6
GB-GBN,500000,13000,2.0214993865276734,38.46153846153846
GB-GBN,500000,17000,1.0144228731444116,29.41176470588235
GB-GBN,200000,30000,1.9092836722703173,6.666666666666667
GB-GBN,500000,17000,0.8887915142688327,29.41176470588235
GB-GBN,9000000,20000,0.7616820008579367,450
GB-GBN,250000,24000,1.2987971419978146,10.416666666666666
GB-GBN,200000,20000,0.553925774161312,10
GB-GBN,60000,36000,0.38456999400157904,1.6666666666666667
GB-GBN,250000,21000,1.2796646343310416,11.904761904761905
GB-GBN,100000,12000,1.4647077578089707,8.333333333333334
GB-GBN,500000,20000,0.7563092282811622,25
GB-GBN,50000,18000,1.2059235343001062,2.7777777777777777
GB-GBN,5500,1500,0.5596591119584656,3.6666666666666665
GB-GBN,250000,400,0.9617024874233847,625
GB-GBN,4000000,18000,2.706195075088004,222.22222222222223
GB-GBN,35000,10000,3.0033797451337603,3.5
GB-GBN,60000,9000,1.0939385918064533,6.666666666666667
GB-GBN,100000,12000,3.8591132668937154,8.333333333333334
GB-GBN,4000000,10000,0.5180273282758743,400
GB-GBN,40000,15000,0.4920614957949466,2.6666666666666665
GB-GBN,10000,18000,0.8867925572244414,0.5555555555555556
GB-GBN,250000,18000,1.06691161011892,13.88888888888889
GB-GBN,70000,15000,1.2105744247365666,4.666666666666667
GB-GBN,120000,30000,0.7180208476197493,4
GB-GBN,200000,12000,0.4965150964187621,16.666666666666668
GB-GBN,100000,14000,1.3209571196265268,7.142857142857143
GB-GBN,150000,19000,1.358628041744285,7.894736842105263
GB-GBN,150000,25000,2.7045816772742297,6
GB-GBN,3000000,15000,1.1108813986664905,200
GB-GBN,150000,20000,1.2608026132211825,7.5
GB-GBN,6000000,15000,1.5329419068923786,400
GB-GBN,1000000,16000,0.6969026629340748,62.5
GB-GBN,200000,20000,0.48167203698525507,10
GB-GBN,250000,16000,0.391082875559158,15.625
GB-GBN,1000000,18000,0.44271348484882034,55.55555555555556
GB-GBN,250000,15000,0.5179044253984623,16.666666666666668
GB-GBN,1000000,12000,1.7617496049390797,83.33333333333333
GB-GBN,1000000,45000,0.9075660250220432,22.22222222222222
GB-GBN,250000,20000,0.8568998462627763,12.5
GB-GBN,5000000,17500,0.882474544408046,285.7142857142857
GB-GBN,250000,18000,0.7916887822272304,13.88888888888889
GB-GBN,40000,12000,0.4821223676609509,3.3333333333333335
GB-GBN,60000,140000,0.5527648368386424,0.42857142857142855
GB-GBN,100000,10000,1.0753991750893934,10
GB-GBN,3000000,17000,1.167230426069397,176.47058823529412
GB-GBN,200000,25000,1.291743068080704,8
GB-GBN,200000,20000,0.8856004870118259,10
GB-GBN,150000,16000,1.2441262838537606,9.375
GB-GBN,4000000,40000,1.957770799299892,100
GB-GBN,43000,1000,1.4409065694829108,43
GB-GBN,2000000,18000,0.3858160612989698,111.11111111111111
GB-GBN,1000000,17000,1.0982751465452307,58.8235294117647
GB-GBN,500000,20000,0.9008190830152032,25
GB-GBN,150000,10000,1.0631721553941547,15
GB-GBN,1000000,14000,0.9276966644159741,71.42857142857143
GB-GBN,30000,1000,1.4031034735265495,30
GB-GBN,800000,9000,1.2065048486234415,88.88888888888889
GB-GBN,100000,15000,0.46015704889643755,6.666666666666667
GB-GBN,2000000,19000,0.49748162544375163,105.26315789473684
GB-GBN,120000,20000,2.4402204694758676,6
GB-GBN,200000,12000,0.9459380322590651,16.666666666666668
GB-GBN,100000,30000,0.9899975236203226,3.3333333333333335
GB-GBN,100000,20000,1.2226517309368947,5
GB-GBN,150000,20000,0.465024366163407,7.5
GB-GBN,60000,800,0.5339604460280795,75
GB-GBN,1200000,18000,0.4551951427686668,66.66666666666667
GB-GBN,180000,10500,0.9641870423809761,17.142857142857142
GB-GBN,250000,11000,0.47771452674760917,22.727272727272727
GB-GBN,100000,16000,1.1763596918942074,6.25
GB-GBN,75000,13000,1.3968653694775168,5.769230769230769
GB-GBN,200000,25000,0.4725174639420582,8
GB-GBN,200000,21000,4.419557403755202,9.523809523809524
GB-GBN,200000,13000,0.641131003431834,15.384615384615385
GB-GBN,1200000,20000,1.8950189203619212,60
GB-GBN,45000,20000,0.6178406575957314,2.25
GB-GBN,50000,19000,2.082917625169975,2.6315789473684212
GB-GBN,120000,15000,1.17991949042508,8
GB-GBN,750000,15000,1.3679784325218296,50
GB-GBN,2500000,14000,1.4767658956706198,178.57142857142858
GB-GBN,120000,12000,1.1544111924072604,10
GB-GBN,120000,10000,0.7883663954728062,12
GB-GBN,250000,15000,1.3029932542028726,16.666666666666668
GB-GBN,50000000,35000,1.2094077870255973,1428.5714285714287
GB-GBN,2500000,14000,0.9919444254704585,178.57142857142858
GB-GBN,1000000,28000,0.3784993936702834,35.714285714285715
GB-GBN,100000,25000,0.911394931993977,4
GB-GBN,1000000,9000,0.4295962649543446,111.11111111111111
GB-GBN,500000,15000,1.1505275366509953,33.333333333333336
GB-GBN,10000000,10000,0.4158670676588102,1000
GB-GBN,175000,7000,1.0348917773385593,25
GB-GBN,150000,15000,0.8563202859050718,10
GB-GBN,150000,18000,1.271473990685203,8.333333333333334
GB-GBN,60000,15000,1.4958967746550214,4
GB-GBN,1000000,12000,1.2527750883790039,83.33333333333333
GB-GBN,120000,16000,1.2230981151899214,7.5
GB-GBN,150000,17000,1.125272185533782,8.823529411764707
GB-GBN,200000,20000,0.6589407704465006,10
GB-GBN,20000,4000,0.9040237035058484,5
GB-GBN,35000,5000,1.2335533790315811,7
GB-GBN,1200000,19500,0.9639759400889889,61.53846153846154
GB-GBN,1000000,20000,0.801141404144396,50
GB-GBN,100000,23000,1.048403326291806,4.3478260869565215
GB-GBN,150000,14000,0.5694115367152306,10.714285714285714
GB-GBN,35000,11500,1.1216116592624001,3.0434782608695654
GB-GBN,1000000,10000,1.1039645099183564,100
GB-GBN,200000,20000,1.831303738442889,10
GB-GBN,400000,20000,1.095029683712041,20
GB-GBN,100000,17000,0.7594354840930905,5.882352941176471
GB-GBN,125000,20000,0.4886965440531617,6.25
GB-GBN,150000,12000,1.1461148096905391,12.5
GB-GBN,300000,15000,0.9097953153387304,20
GB-GBN,90000,16000,0.8403150989579314,5.625
GB-GBN,100000,16000,1.0084043906490012,6.25
GB-GBN,85000,15000,0.46560132689348016,5.666666666666667
GB-GBN,250000,20000,0.8490814191804352,12.5
GB-GBN,100000,15000,1.0030435826234936,6.666666666666667
GB-GBN,50000,15000,0.9622491609255126,3.3333333333333335
GB-GBN,2000000,16000,0.542295478630307,125
GB-GBN,1000000,28000,0.6294100654626972,35.714285714285715
GB-GBN,500000,12000,1.0205683928647924,41.666666666666664
GB-GBN,100000,25000,1.148185366117643,4
GB-GBN,112500,17000,0.45448033913250524,6.617647058823529
GB-GBN,5000000,10000,0.9656503508500613,500
GB-GBN,30000,15000,0.8435252319119876,2
GB-GBN,250000,12000,2.1487860504672756,20.833333333333332
GB-GBN,90000,20000,1.1101289474108973,4.5
GB-GBN,1000000,13500,0.5150419221682583,74.07407407407408
GB-GBN,250000,30000,0.5704367296264058,8.333333333333334
GB-GBN,80000,9000,0.7889492758368831,8.88888888888889
GB-GBN,250000,20000,1.1366692036358965,12.5
GB-GBN,50000,8000,0.6456280460258257,6.25
GB-GBN,300000,15000,0.8929156512414003,20
GB-GBN,800000,12000,0.6174931218343236,66.66666666666667
GB-GBN,750000,20000,0.8167166189454832,37.5
GB-GBN,100000,14000,0.9602762001574341,7.142857142857143
GB-GBN,500000,18000,1.2024260015491253,27.77777777777778
GB-GBN,150000,20000,1.1733039079156575,7.5
GB-GBN,50000,15000,0.5782307264731756,3.3333333333333335
GB-GBN,500000,17000,1.0858818759648483,29.41176470588235
GB-GBN,500000,18000,0.5508959864590749,27.77777777777778
GB-GBN,50000,15000,0.5877342760352627,3.3333333333333335
GB-GBN,3000000,12000,0.5915941279722535,250
GB-GBN,1000000,15000,0.6299500989520801,66.66666666666667
GB-GBN,1000000,6000,1.0579449619647323,166.66666666666666
GB-GBN,500000,12000,1.0981633938778999,41.666666666666664
GB-GBN,250000,20000,0.6822445842329825,12.5
GB-GBN,100000,20000,0.7388555162895385,5
GB-GBN,50000,15000,0.8805002055241147,3.3333333333333335
GB-GBN,50000,17000,0.46771106565994264,2.9411764705882355
GB-GBN,500000,16000,1.0336899350317155,31.25
GB-GBN,150000,15000,1.3733509545320854,10
GB-GBN,300000,16000,1.198928719364663,18.75
GB-GBN,150000,16000,1.1686622884403883,9.375
GB-GBN,26000,12000,0.584410636448245,2.1666666666666665
GB-GBN,1000000,18000,0.8145968261974587,55.55555555555556
GB-GBN,200000,45000,0.35510017668181454,4.444444444444445
GB-GBN,50000,10000,0.5114503330103283,5
GB-GBN,500000,15000,0.8735329529057263,33.333333333333336
GB-GBN,250000,20000,1.109258729891525,12.5
GB-GBN,150000,19064,1.0027682100194653,7.868233319345363
GB-GBN,150000,20000,1.4435085774961331,7.5
GB-GBN,150000,19000,1.330450583886237,7.894736842105263
GB-GBN,250000,24000,1.1235628207433535,10.416666666666666
GB-GBN,700000,20000,0.9656945131989786,35
GB-GBN,2000000,15500,0.5284715985115268,129.03225806451613
GB-GBN,200000,18000,1.129113370265131,11.11111111111111
GB-GBN,1000000,15000,0.9527961005169393,66.66666666666667
GB-GBN,50000,13000,1.3130224296795188,3.8461538461538463
GB-GBN,500000,20000,0.8721468815660237,25
GB-GBN,250000,10000,1.196157704234592,25
GB-GBN,600000,20000,0.5194670208505741,30
GB-GBN,100000,13500,0.43860482035878134,7.407407407407407
GB-GBN,250000,18000,1.116786625095458,13.88888888888889
GB-GBN,50000,10000,2.5602781640683205,5
GB-GBN,1500000,20000,0.8405350963613316,75
GB-GBN,300000,17000,1.0258111840600024,17.647058823529413
GB-GBN,2000000,15000,0.43986432428573624,133.33333333333334
GB-GBN,100000,16000,2.922741425826407,6.25
GB-GBN,120000,15000,0.8728443961123963,8
GB-GBN,5000000,13000,0.7651834173899572,384.61538461538464
GB-GBN,200000000,9000,0.5358074344788922,22222.222222222223
GB-GBN,40000,20000,0.8970705452541355,2
GB-GBN,2000000,20000,0.856364636178878,100
GB-GBN,200000,22000,1.2469214786528842,9.090909090909092
GB-GBN,300000,15000,2.1828595890763594,20
GB-GBN,80000,10000,0.39490398364819806,8
GB-GBN,40000,25000,0.8780936393954621,1.6
GB-GBN,500000,14000,1.0071550659868678,35.714285714285715
GB-GBN,10000000,30000,0.8068887736665957,333.3333333333333
GB-GBN,120000,25000,0.44267320628094275,4.8
GB-GBN,125000,12000,0.6255306693372494,10.416666666666666
GB-GBN,1000000,12000,0.7552696277951629,83.33333333333333
GB-GBN,150000,15000,0.5134865931451881,10
GB-GBN,250000,17000,1.4800980545192726,14.705882352941176
GB-GBN,2000000,12000,1.4641917160637512,166.66666666666666
GB-GBN,100000,17000,1.291824251632756,5.882352941176471
GB-GBN,800000,10000,0.5471022840830155,80
GB-GBN,250000,18000,0.4636327197186637,13.88888888888889
GB-GBN,3000000,15000,1.057554078195593,200
GB-GBN,70000,23000,1.7772960045905188,3.0434782608695654
GB-GBN,1500000,24000,0.9390790870183757,62.5
GB-GBN,250000,20000,0.9441973466538021,12.5
GB-GBN,250000,20000,2.1621081711324015,12.5
GB-GBN,45000,15000,0.8022112605375258,3
GB-GBN,80000,18000,1.049747615664519,4.444444444444445
GB-GBN,7500000,25000,0.9499247961377668,300
GB-GBN,60000,18000,0.5322939907539751,3.3333333333333335
GB-GBN,250000,12000,1.0021333371027623,20.833333333333332
GB-GBN,500000,15000,0.9763066316813312,33.333333333333336
GB-GBN,3000000,20000,0.5048274214302344,150
GB-GBN,85000,15000,1.0804958233625839,5.666666666666667
GB-GBN,1000000,20000,1.068398346557502,50
GB-GBN,100000,16000,0.8611668687926205,6.25
GB-GBN,80000,19000,1.821572737123471,4.2105263157894735
GB-GBN,500000,15000,1.0017200276302014,33.333333333333336
GB-GBN,97500,22500,1.69516029976754,4.333333333333333
GB-GBN,250000,9000,0.5381643884368462,27.77777777777778
GB-GBN,60000,15000,0.9860208450439977,4
GB-GBN,100000,13000,1.6015742061739677,7.6923076923076925
GB-GBN,1000000,15000,0.7823398322071683,66.66666666666667
GB-GBN,100000,15000,1.194767937038739,6.666666666666667
GB-GBN,150000,18000,0.9950299015814719,8.333333333333334
GB-GBN,800000,22000,1.065807488754361,36.36363636363637
GB-GBN,100000,20000,1.606362281779405,5
GB-GBN,250000,16000,1.2744469624293293,15.625
GB-GBN,2000000,20000,0.8592201548673737,100
GB-GBN,50000,20000,0.4851018228137482,2.5
GB-GBN,20000,15000,0.5621816277436369,1.3333333333333333
GB-GBN,250000,30000,0.8929156512414003,8.333333333333334
GB-GBN,200000,18000,1.0317909540282768,11.11111111111111
GB-GBN,1000000,18000,0.36048253342792863,55.55555555555556
GB-GBN,100000,13000,0.5581688049469925,7.6923076923076925
GB-GBN,100000,12000,1.1564614529463513,8.333333333333334
GB-GBN,24000,16000,0.4459171657150205,1.5
GB-GBN,200000,20000,1.088596638911476,10
GB-GBN,300000,16000,1.8774806421702435,18.75
GB-GBN,250000,17000,0.8228930836309207,14.705882352941176
GB-GBN,50000,18000,0.7009106623252345,2.7777777777777777
GB-GBN,5000000,12000,0.4446495496970234,416.6666666666667
GB-GBN,500000,18000,0.4772478779273843,27.77777777777778
GB-GBN,31000,25000,1.5013765391352718,1.24
GB-GBN,45000,27000,0.9887548389709341,1.6666666666666667
GB-GBN,100000,18000,0.9873280505719462,5.555555555555555
GB-GBN,500000,11000,0.4036401419260158,45.45454545454545
GB-GBN,250000,12000,1.4012010472334793,20.833333333333332
GB-GBN,200000,16000,0.655908101229299,12.5
GB-GBN,500000,12000,1.1892012259765066,41.666666666666664
GB-GBN,10000000,10000,1.4731681363121671,1000
GB-GBN,20000,18000,0.6456417645427233,1.1111111111111112
GB-GBN,1000000,400,1.556301972862304,2500
GB-GBN,100000,15000,1.6348539500518762,6.666666666666667
GB-GBN,800000,18000,1.3129408702776886,44.44444444444444
GB-GBN,1000000,20000,0.7616820008579367,50
GB-GBN,60000,12000,0.479051048558243,5
GB-GBN,500000,15000,0.6489107179870393,33.333333333333336
GB-GBN,2000000,18000,0.48652522856473396,111.11111111111111
GB-GBN,250000,15000,0.9210442486283057,16.666666666666668
GB-GBN,400000,14000,2.4958950970937495,28.571428571428573
GB-GBN,1000000,30000,0.8179728341868803,33.333333333333336
GB-GBN,160000,12000,0.5756723796758334,13.333333333333334
GB-GBN,300000,10500,0.6815669897248448,28.571428571428573
GB-GBN,300000,20000,1.5339941609875711,15
GB-GBN,45000,10000,1.1599192709041217,4.5
GB-GBN,1000000,9600,0.683825846890736,104.16666666666667
GB-GBN,500000,25000,0.9396889032832106,20
GB-GBN,1500000,10000,1.3294523268758198,150
GB-GBN,250000,16000,0.8792203743883321,15.625
GB-GBN,120000,10000,0.4845754138788184,12
GB-GBN,175000,20000,1.1607889872904567,8.75
GB-GBN,100000,22000,2.701050944459524,4.545454545454546
GB-GBN,1000000,16000,0.8651867074517878,62.5
GB-GBN,250000,15000,0.37935736475105514,16.666666666666668
GB-GBN,250000,16000,0.4477041121637947,15.625
GB-GBN,4000000,22000,0.829646415083987,181.8181818181818
GB-GBN,750000,20000,1.370730780446259,37.5
GB-GBN,20000,7000,0.9841729796103698,2.857142857142857
GB-GBN,1250,1000,0.9089751484814642,1.25
GB-GBN,100000,10000,1.0721840308049635,10
GB-GBN,60000,16000,0.6505428456480846,3.75
GB-GBN,60000,16000,0.8293316408948964,3.75
GB-GBN,100000,23000,1.6370803588535985,4.3478260869565215
GB-GBN,400000,20000,0.9889008566096943,20
GB-GBN,150000,17000,1.6862366237713058,8.823529411764707
GB-GBN,200000,20000,0.4916588980410591,10
GB-GBN,120000,18000,1.4453316994860415,6.666666666666667
GB-GBN,250000,20000,0.40589608625612744,12.5
GB-GBN,120000,23000,0.8031511981907203,5.217391304347826
GB-GBN,11000000,18000,0.9648846822106081,611.1111111111111
GB-GBN,750000,20000,0.7026405735701944,37.5
GB-GBN,100000,23000,2.863925445763846,4.3478260869565215
GB-GBN,1000000,27500,0.9208309538792802,36.36363636363637
GB-GBN,200000,15000,0.7553040806914814,13.333333333333334
GB-GBN,250000,15000,1.2214832139770353,16.666666666666668
GB-GBN,10000000,22000,0.42373542011999815,454.54545454545456
GB-GBN,100000,14000,0.4541481818911814,7.142857142857143
GB-GBN,200000,15000,1.6093545471454695,13.333333333333334
GB-GBN,300000,15000,0.9459380322590651,20
GB-GBN,80000,15000,0.8470962432945711,5.333333333333333
GB-GBN,130000,21000,0.4777659242047532,6.190476190476191
GB-GBN,2000000,14000,0.6156780179730127,142.85714285714286
GB-GBN,250000,10000,0.5304668596997678,25
GB-GBN,150000,17000,1.0236033798222919,8.823529411764707
GB-GBN,100000,25000,0.9503498822367058,4
GB-GBN,100000,10000,0.7679177871666716,10
GB-GBN,300000,15000,0.9126817789922828,20
GB-GBN,35000,1000,0.559933482296419,35
GB-GBN,50000,15000,0.5328460514362546,3.3333333333333335
GB-GBN,40000,25000,0.45334386336622184,1.6
GB-GBN,250000,18000,0.9591143232103194,13.88888888888889
GB-GBN,1150000,15000,1.1474490764025047,76.66666666666667
GB-GBN,100000,10000,0.9144073679647955,10
GB-GBN,40000,870000,0.5071656768617321,0.04597701149425287
GB-GBN,210000,10000,0.5804054559304205,21
GB-GBN,7000000,20000,0.9990285047281812,350
GB-GBN,500000,96000,0.5856669143312719,5.208333333333333
GB-GBN,100000,15000,0.47687985835307456,6.666666666666667
GB-GBN,250000,28000,2.116911734192638,8.928571428571429
GB-GBN,100000,15000,1.3039456575403716,6.666666666666667
GB-GBN,500000,15000,1.2127021103299296,33.333333333333336
GB-GBN,250000,15000,1.4743861401594658,16.666666666666668
GB-GBN,1000000,20000,0.6875281551291074,50
GB-GBN,500000,15000,0.5240255148832716,33.333333333333336
GB-GBN,100000,20000,0.81785149735021,5
GB-GBN,100000,18000,0.8811703456783218,5.555555555555555
GB-GBN,250000,14800,0.5009265079049952,16.89189189189189
GB-GBN,250000,16000,1.2756726085554477,15.625
GB-GBN,40000,15000,1.499206006667215,2.6666666666666665
GB-GBN,100000,20000,0.5050808068222485,5
GB-GBN,450000,14000,0.37171342592815915,32.142857142857146
GB-GBN,500000,22000,0.44263060997276726,22.727272727272727
GB-GBN,100000,17000,0.5684303182280837,5.882352941176471
GB-GBN,150000,15000,1.1130996640563557,10
GB-GBN,11000,9000,2.2491494672580776,1.2222222222222223
GB-GBN,200000,16000,1.5083161041533464,12.5
GB-GBN,2000000,16000,1.461905547147324,125
GB-GBN,80000,15000,0.34361586746875505,5.333333333333333
GB-GBN,250000,25000,0.9555517058061117,10
GB-GBN,150000,18000,1.8863643528067482,8.333333333333334
GB-GBN,26000,11960,1.3775990592897693,2.1739130434782608
GB-GBN,120000,18000,0.9949187126888079,6.666666666666667
GB-GBN,500000,12000,0.9164516149074381,41.666666666666664
GB-GBN,100000,30000,0.4573767628051753,3.3333333333333335
GB-GBN,100000,11000,0.43431584193773787,9.090909090909092
GB-GBN,58000,8000,0.5434210234322132,7.25
GB-GBN,150000,11000,0.9378584522226309,13.636363636363637
GB-GBN,500000,18000,0.4763215335078281,27.77777777777778
GB-GBN,50000,14000,0.4299563290416864,3.5714285714285716
GB-GBN,500000,14000,1.2918424177053602,35.714285714285715
GB-GBN,175000,18000,1.4723844895249985,9.722222222222221
GB-GBN,5000000,13000,0.5685480844918627,384.61538461538464
GB-GBN,100000,20000,0.7765299463385581,5
GB-GBN,1000000,18000,3.1002612895809984,55.55555555555556
GB-GBN,100000,12000,1.6687379350895792,8.333333333333334
GB-GBN,200000,40000,0.9164516149074381,5
GB-GBN,1000000,13000,1.1442915624173713,76.92307692307692
GB-GBN,250000,20000,1.0862054826237222,12.5
GB-GBN,1000000,20000,1.2361443621179813,50
GB-GBN,100000,25000,0.9763050656405895,4
GB-GBN,2000000,20000,0.7189322833314442,100
GB-GBN,10000,18000,0.94796167010554655,0.5555555555555556
GB-GBN,4000000,15000,1.3190277574326985,266.6666666666667
GB-GBN,80000,20000,1.3714882430322255,4
GB-GBN,100000,18000,2.4798508217696953,5.555555555555555
GB-GBN,2000000,20000,0.5843419185804973,100
GB-GBN,150000,15000,1.5606199856786993,10
GB-GBN,2000000,17000,1.2407091829552754,117.6470588235294
GB-GBN,50000,21000,1.0117713782437503,2.380952380952381
GB-GBN,120000,18000,0.8318772087997862,6.666666666666667
GB-GBN,1000000,9000,0.8400178644251485,111.11111111111111
GB-GBN,100000,15000,1.3551273769118204,6.666666666666667
GB-GBN,21000,12000,0.6435764073708818,1.75
GB-GBN,80000,19000,0.5909603826048846,4.2105263157894735
GB-GBN,2000000,12000,0.9553491227757598,166.66666666666666
GB-GBN,150000,18000,1.4714241933421612,8.333333333333334
GB-GBN,200000,15000,0.5121900053734687,13.333333333333334
GB-GBN,500000,12000,1.3010856912961692,41.666666666666664
GB-GBN,100000,11000,0.4857763165612172,9.090909090909092
GB-GBN,250000,15300,1.001167340531625,16.33986928104575
GB-GBN,120000,17000,1.0816999207680957,7.0588235294117645
GB-GBN,100000,13000,0.8318899876922389,7.6923076923076925
GB-GBN,1000000,12000,1.3133076996610347,83.33333333333333
GB-GBN,90000,14000,1.414867947428307,6.428571428571429
GB-GBN,300000,16000,0.8155269291147952,18.75
GB-GBN,100000,17000,0.48246711586983837,5.882352941176471
GB-GBN,50000,5000,0.6654462289709637,10
GB-GBN,800000,25000,0.6862780787674178,32
GB-GBN,1000000,20000,0.7831721515405903,50
GB-GBN,90000,19000,0.9747080172921592,4.7368421052631575
GB-GBN,750000,12000,0.6554422980710747,62.5
GB-GBN,100000,24000,1.2072458991024346,4.166666666666667
GB-GBN,500000,18000,1.0419060738208297,27.77777777777778
GB-GBN,350000,18000,1.0152664053295446,19.444444444444443
GB-GBN,150000,10000,0.918323221518711,15
GB-GBN,500000,18000,0.4312967972749894,27.77777777777778
GB-GBN,2000000,18000,0.4831910025423021,111.11111111111111
GB-GBN,800000,25000,1.1586374978778191,32
GB-GBN,250000,15000,1.8204195047212508,16.666666666666668
GB-GBN,850000,15000,1.034764364263811,56.666666666666664
GB-GBN,180000,20000,0.4842898933307837,9
GB-GBN,5000000,15000,0.42591422128317147,333.3333333333333
GB-GBN,1000000,14000,0.9572890087633726,71.42857142857143
GB-GBN,250000,15000,0.36904652118659914,16.666666666666668
GB-GBN,300000,18000,0.5203767652382679,16.666666666666668
GB-GBN,150000,15000,1.1963581574495352,10
GB-GBN,800000,20000,1.3452087012699119,40
GB-GBN,150000,13000,0.62274223983413,11.538461538461538
GB-GBN,100000,18000,1.1932074087604059,5.555555555555555
GB-GBN,1000000,15000,0.7158588344133274,66.66666666666667
GB-GBN,800000,20000,0.5994331015091263,40
GB-GBN,1000000,22000,1.0179618746542338,45.45454545454545
GB-GBN,100000,15000,1.830200368777886,6.666666666666667
GB-GBN,20000,10000,2.1283017364322294,2
GB-GBN,150000,15000,0.7224037571644825,10
GB-GBN,210000,20000,0.6655770246937142,10.5
GB-GBN,250000,5000,0.6379317701213405,50
GB-GBN,50000,17000,2.102654749846321,2.9411764705882355
GB-GBN,50000,10000,0.8253401162523398,5
GB-GBN,200000,13000,1.873815104568488,15.384615384615385
GB-GBN,200000,14000,0.48584468990000174,14.285714285714286
GB-GBN,30000,10000,0.5089830045008961,3
GB-GBN,300000,23000,0.8012896768818243,13.043478260869565
GB-GBN,1000000,14000,0.910187827790241,71.42857142857143
GB-GBN,100000,18000,1.3546712205645655,5.555555555555555
GB-GBN,200000,15000,0.5409521288820393,13.333333333333334
GB-GBN,3000000,15000,1.3452087012699119,200
GB-GBN,100000,8000,1.5332230425263365,12.5
GB-GBN,1000000,20800,0.973162147155169,48.07692307692308
GB-GBN,100000,15000,1.6995375715656027,6.666666666666667
GB-GBN,100000,10000,0.7369857262855259,10
GB-GBN,100000,20000,1.230903387530032,5
GB-GBN,2000000,20000,0.9292074552403491,100
GB-GBN,200000,18000,1.4494936093612998,11.11111111111111
GB-GBN,1000000,13000,1.838822237402371,76.92307692307692
GB-GBN,50000,10000,1.0922789644699828,5
GB-GBN,80000,15000,0.47884715005366796,5.333333333333333
GB-GBN,1000000,15000,1.0707281140481792,66.66666666666667
GB-GBN,250000,12000,0.9174909648269187,20.833333333333332
GB-GBN,100000,1300,0.9905355525775561,76.92307692307692
GB-GBN,150000,16000,0.6608774617110004,9.375
GB-GBN,500000,15000,1.5344316501291846,33.333333333333336
GB-GBN,60000,20000,2.3665887417303355,3
GB-GBN,100000,15000,1.8853300142176412,6.666666666666667
GB-GBN,80000,18000,1.194716821468928,4.444444444444445
GB-GBN,150000,15000,0.48059641756219573,10
GB-GBN,150000,16000,2.0455131805448326,9.375
GB-GBN,18000,12000,0.9747982212388837,1.5
GB-GBN,100000,15000,0.44777383229761714,6.666666666666667
GB-GBN,150000,10000,1.1860797935700629,15
GB-GBN,1500000,12000,1.9089990287050977,125
GB-GBN,100000,16000,0.9558574596005297,6.25
GB-GBN,250000,18000,0.543329629294525,13.88888888888889
GB-GBN,130000,12500,0.8450405955753285,10.4
GB-GBN,800000,15000,2.1659794238459917,53.333333333333336
GB-GBN,500000,10000,2.8032061624253997,50
GB-GBN,5000000,15000,0.8165665296007945,333.3333333333333
GB-GBN,200000,16000,0.8063772421187125,12.5
GB-GBN,100000,15000,1.0505517462645895,6.666666666666667
GB-GBN,100000,21000,1.058962262030569,4.761904761904762
GB-GBN,120000,8000,0.47895952913729545,15
GB-GBN,1000000,17000,0.521320398747613,58.8235294117647
GB-GBN,500000,25000,0.9622510401744027,20
GB-GBN,100000,20000,0.9552452003121377,5
GB-GBN,200000,15000,0.45200806193432913,13.333333333333334
GB-GBN,50000,10000,0.5270699294060364,5
GB-GBN,100000,15000,1.6757950158049142,6.666666666666667
GB-GBN,1500000,28000,0.47121307728744494,53.57142857142857
GB-GBN,250000,13000,0.5377650480477016,19.23076923076923
GB-GBN,450000,15000,0.9082963637823628,30
GB-GBN,3000000,16000,0.5368853716422493,187.5
GB-GBN,110000,18000,1.2053506139551466,6.111111111111111
GB-GBN,250000,10000,0.5092975907650976,25
GB-GBN,200000,20000,0.5613090298423372,10
GB-GBN,200000,15000,0.5284715985115268,13.333333333333334
GB-GBN,180000,19000,1.2506327446442984,9.473684210526315
GB-GBN,250000,10000,1.835176995688629,25
GB-GBN,70000,15000,2.486451495571256,4.666666666666667
GB-GBN,70000,17000,1.294639491753374,4.117647058823529
GB-GBN,250000,17000,0.8885293590486648,14.705882352941176
GB-GBN,200000,15000,0.42844992313138813,13.333333333333334
GB-GBN,200000,18000,1.17188657840275,11.11111111111111
GB-GBN,1000000,18000,1.2663651899358568,55.55555555555556
GB-GBN,2000000,16000,1.0119409491352664,125
GB-GBN,300000,15000,1.7506669225346478,20
GB-GBN,100000,11000,0.35415857902543363,9.090909090909092
GB-GBN,1000000,10000,1.1177814994578728,100
GB-GBN,100000,13000,1.4137710924927895,7.6923076923076925
GB-GBN,75000,18000,0.9701184530111454,4.166666666666667
GB-GBN,500000,16000,0.8623579367391612,31.25
GB-GBN,150000,20000,1.313584575664175,7.5
GB-GBN,1000000,80000,0.6419145249357433,12.5
GB-GBN,100000,10000,0.5095065945624907,10
GB-GBN,150000,20000,1.0572602889524418,7.5
GB-GBN,25000,18000,0.47380446754443806,1.3888888888888888
GB-GBN,50000,17000,0.5048090361119264,2.9411764705882355
GB-GBN,300000,18000,1.9513601802027487,16.666666666666668
GB-GBN,120000,18000,0.7793507615642167,6.666666666666667
GB-GBN,100000,18000,1.111545149374471,5.555555555555555
GB-GBN,250000,15000,0.9754238231943955,16.666666666666668
GB-GBN,500000,15000,0.8406610060369678,33.333333333333336
GB-GBN,150000,25000,1.1821428924285782,6
GB-GBN,75000,25000,1.1925276217952296,3
GB-GBN,500000,12000,1.210163119796155,41.666666666666664
GB-GBN,2000000,14000,2.0226315713423246,142.85714285714286
GB-GBN,200000,11000,1.6450943531037685,18.181818181818183
GB-GBN,100000,15000,0.6307272936513927,6.666666666666667
GB-GBN,250000,12500,0.9402449103881595,20
GB-GBN,150000,18000,1.7110153973699915,8.333333333333334
GB-GBN,300000,22000,0.47389451488708834,13.636363636363637
GB-GBN,500000,10000,0.5089674067351083,50
GB-GBN,5000000,20000,1.1144564817550022,250
GB-GBN,600000,20000,0.4128054580087011,30
GB-GBN,200000,25000,0.5156708441301426,8
GB-GBN,80000,17000,0.427613281525519,4.705882352941177
GB-GBN,10000000,25000,0.49322666142761884,400
GB-GBN,100000,10000,0.5594054759999327,10
GB-GBN,120000,18000,0.7476565399748792,6.666666666666667
GB-GBN,17500,8000,0.5556297517715885,2.1875
GB-GBN,100000,18000,0.6626959482203133,5.555555555555555
GB-GBN,80000,12000,1.6329060459356657,6.666666666666667
GB-GBN,90000,10000,0.48331619183919705,9
GB-GBN,150000,16000,1.0032636426685233,9.375
GB-GBN,1000000,15000,0.5191970354266975,66.66666666666667
GB-GBN,1000000,15000,0.47971580153229837,66.66666666666667
GB-GBN,40000,11000,0.49406201888007983,3.6363636363636362
GB-GBN,100000,15000,0.8505244317615077,6.666666666666667
GB-GBN,200000,18000,0.7475827481351284,11.11111111111111
GB-GBN,90000,19000,0.5873791606366648,4.7368421052631575
GB-GBN,90000,18000,0.525875604094753,5
GB-GBN,1000000,12000,0.7221940329883482,83.33333333333333
GB-GBN,80000,18000,1.6800408654639298,4.444444444444445
GB-GBN,250000,24000,0.4493209865880155,10.416666666666666
GB-GBN,1000000,15000,0.4138640389084902,66.66666666666667
GB-GBN,500000,25000,1.0308341031350714,20
GB-GBN,100000,17500,0.5589539551332733,5.714285714285714
GB-GBN,100000,20000,1.2591704229185077,5
GB-GBN,1500000,18000,0.9716702114613246,83.33333333333333
GB-GBN,250000,15000,0.8236984670635846,16.666666666666668
GB-GBN,250000,18000,1.184929567966067,13.88888888888889
GB-GBN,950000,22000,1.209918065740887,43.18181818181818
GB-GBN,120000,25000,0.7896868183846147,4.8
GB-GBN,200000,18000,1.259173554999991,11.11111111111111
GB-GBN,1000000,14000,1.1241685653022602,71.42857142857143
GB-GBN,20000,1000,0.5414091622121098,20
GB-GBN,100000,16000,0.7238333017951759,6.25
GB-GBN,180000,17000,1.1487332298107347,10.588235294117647
GB-GBN,250000,16000,1.0626627536616802,15.625
GB-GBN,80000,17000,1.995263067489832,4.705882352941177
GB-GBN,9770,900,3.224894829937568,10.855555555555556
GB-GBN,600000,14000,0.9301472676102844,42.857142857142854
GB-GBN,2000000,13000,0.40356409498759677,153.84615384615384
GB-GBN,300000,20000,0.5973503926058664,15
GB-GBN,250000,15000,1.8244478626420533,16.666666666666668
GB-GBN,300000,20000,1.1887514590754777,15
GB-GBN,70000,18000,0.4809364050072284,3.888888888888889
GB-GBN,200000,22000,0.4623968003652795,9.090909090909092
GB-GBN,200000,18000,1.0966333094315865,11.11111111111111
GB-GBN,250000,17500,0.9212402542875424,14.285714285714286
GB-GBN,150000,12000,0.9799186106897189,12.5
GB-GBN,59000,20000,0.8332733654418656,2.95
GB-GBN,70000,19000,1.192144630871429,3.6842105263157894
GB-GBN,100000,10000,0.4646576307425054,10
GB-GBN,5000000,15000,0.893869996469419,333.3333333333333
GB-GBN,500000,10000,1.9905358795484338,50
GB-GBN,90000,20000,1.196144424209102,4.5
GB-GBN,250000,20000,0.836968845742603,12.5
GB-GBN,60000,18000,1.306410104534839,3.3333333333333335
GB-GBN,250000,22000,0.8293100921742901,11.363636363636363
GB-GBN,500000,15000,0.45311180744911017,33.333333333333336
GB-GBN,30000,120000,0.6025236515921428,0.25
GB-GBN,35000,10000,1.5520202921911168,3.5
GB-GBN,2000000,15000,0.7860881194017172,133.33333333333334
GB-GBN,250000,15000,1.0960238063748997,16.666666666666668
GB-GBN,125000,13000,1.0936877747212554,9.615384615384615
GB-GBN,300000,18000,1.4959943703140468,16.666666666666668
GB-GBN,500000,25000,0.7689643408735641,20
GB-GBN,5000000,18000,1.0038973253942625,277.77777777777777
GB-GBN,1100000,1000,2.807488093663105,1100
GB-GBN,120000,14000,0.5532503721102127,8.571428571428571
GB-GBN,375000,12000,1.1686838371609947,31.25
GB-GBN,4000000,1250,1.1234568311059523,3200
GB-GBN,400000,15000,0.9629968514172507,26.666666666666668
GB-GBN,2000000,18000,0.9610716862126102,111.11111111111111
GB-GBN,50000,16000,1.7665350495960706,3.125
GB-GBN,205000,10000,1.072174258710735,20.5
GB-GBN,500000,24000,1.1961357796642074,20.833333333333332
GB-GBN,230000,15000,1.2147082711617327,15.333333333333334
GB-GBN,300000,20000,0.5704367296264058,15
GB-GBN,300000,20000,1.3398281611310583,15
GB-GBN,2500000,25000,0.9428435357533794,100
GB-GBN,200000,25000,1.186978450389305,8
GB-GBN,200000,30000,0.843305672999995,6.666666666666667
GB-GBN,110000,8000,0.6150940727012313,13.75
GB-GBN,500000,14000,0.460095691420176,35.714285714285715
GB-GBN,100000,14000,0.5102197068746511,7.142857142857143
GB-GBN,250000,20000,0.5213688833689775,12.5
GB-GBN,100000,11000,1.027631048685168,9.090909090909092
GB-GBN,5000000,20000,0.8206330989156954,250
GB-GBN,30000,20000,1.1879151933193866,1.5
GB-GBN,90000,15000,0.9901948447537824,6
GB-GBN,2000000,17000,0.7852286136010185,117.6470588235294
GB-GBN,150000,19760,0.7340589214224663,7.5910931174089065
GB-GBN,3000000,20000,0.926688697952958,150
GB-GBN,100000,15000,0.9356475785450667,6.666666666666667
GB-GBN,75000,10000,1.0353027690708225,7.5
GB-GBN,1000000,16000,0.8348894568457156,62.5
GB-GBN,75000,15000,1.3971768236602349,5
GB-GBN,40000,1000,2.5695811977738345,40
GB-GBN,60000,10000,1.011058453856479,6
GB-GBN,500000,18000,0.44812337259117435,27.77777777777778
GB-GBN,1000000,15000,0.5605644087904529,66.66666666666667
GB-GBN,40000,24000,0.46797904655166983,1.6666666666666667
GB-GBN,100000,30000,0.6383915596831166,3.3333333333333335
GB-GBN,1000000,20000,1.6509837938420595,50
GB-GBN,70,15,0.9666648946841928,4.666666666666667
GB-GBN,250000,18000,0.836880458403139,13.88888888888889
GB-GBN,5000000,21000,0.6544804358474956,238.0952380952381
GB-GBN,100000,15000,2.557542729383902,6.666666666666667
GB-GBN,50000,15000,0.9231150556219284,3.3333333333333335
GB-GBN,100000,14000,1.0676372507570144,7.142857142857143
GB-GBN,200000,18000,1.0588997456841587,11.11111111111111
GB-GBN,120000,19000,1.314064285264186,6.315789473684211
GB-GBN,200000,17000,1.2753354713045653,11.764705882352942
GB-GBN,200000,12000,1.229904504103318,16.666666666666668
GB-GBN,70000,14000,0.41828127606628246,5
GB-GBN,170000,20000,0.6670374516478348,8.5
GB-GBN,60000,15000,1.4597049466970256,4
GB-GBN,1000000,15000,0.6069366917607472,66.66666666666667
GB-GBN,2000000,17000,1.0994856333969691,117.6470588235294
GB-GBN,2000000,17000,0.5310319498410186,117.6470588235294
GB-GBN,300000,16000,1.0925872865712172,18.75
GB-GBN,70000,17000,1.3056030297781738,4.117647058823529
GB-GBN,150000,20000,1.2664788218520775,7.5
GB-GBN,100000,18000,1.2452622271661917,5.555555555555555
GB-GBN,100000,15000,1.5780790848504744,6.666666666666667
GB-GBN,150000,8500,0.6509095497481715,17.647058823529413
GB-GBN,100000,15000,1.182746131322298,6.666666666666667
GB-GBN,10000,15000,1.0464795392030184,0.6666666666666666
GB-GBN,30000,18000,1.0465837748747888,1.6666666666666667
GB-GBN,100000,20000,0.44907749857348916,5
GB-GBN,100000,10000,1.228461240955727,10
GB-GBN,100000,15000,0.4809567008952414,6.666666666666667
GB-GBN,100000,15000,0.4573767628051753,6.666666666666667
GB-GBN,2000000,30000,0.6436543961998207,66.66666666666667
GB-GBN,148000,15000,1.0207382769644566,9.866666666666667
GB-GBN,90000,28000,1.4394298557050762,3.2142857142857144
GB-GBN,180000,20000,1.0417618727893299,9
GB-GBN,500000,2500,1.458132140659277,200
GB-GBN,200000,18000,0.8686225381975441,11.11111111111111
GB-GBN,120000,18000,0.9601288044028211,6.666666666666667
GB-GBN,75000,18000,1.8309767491360127,4.166666666666667
GB-GBN,250000,16000,0.9654300402385129,15.625
GB-GBN,250000,25000,1.2639686464679512,10
GB-GBN,250000,15000,1.0443687668496664,16.666666666666668
GB-GBN,2500000,18000,0.8469323101497254,138.88888888888889
GB-GBN,200000,15000,1.3276382252805838,13.333333333333334
GB-GBN,500000,13000,0.5327977547397793,38.46153846153846
GB-GBN,8000,4000,0.32403882347703067,2
GB-GBN,1000000,27000,0.46843404402877603,37.03703703703704
GB-GBN,70000,10000,2.1524783986865295,7
GB-GBN,300000,20000,0.9100547143271928,15
GB-GBN,200000,15000,1.4627711291861005,13.333333333333334
GB-GBN,150000,15000,1.2273019949570585,10
GB-GBN,60000,3000,3.379623664286154,20
GB-GBN,100000,20000,1.5479930618196485,5
GB-GBN,100000,10000,0.5113268350374344,10
GB-GBN,250000,16000,0.5179657202330941,15.625
GB-GBN,500000,15000,0.6316493157985018,33.333333333333336
GB-GBN,140000,20000,1.0594761739603797,7
GB-GBN,200000,15000,0.6115490575949607,13.333333333333334
GB-GBN,90000,15000,0.5533725232880686,6
GB-GBN,50000,1200,1.0635753169227091,41.666666666666664
GB-GBN,500000,20000,0.6467012850669575,25
GB-GBN,75000,20000,1.1203478017421833,3.75
GB-GBN,250000,18000,0.980117372580661,13.88888888888889
GB-GBN,500000,25000,1.3210875394994992,20
GB-GBN,400000,25000,0.9029414440700441,16
GB-GBN,1000000,15000,1.4758817717094608,66.66666666666667
GB-GBN,150000,7000,0.525909931707812,21.428571428571427
GB-GBN,200000,22000,1.7323765689371549,9.090909090909092
GB-GBN,250000,11500,0.9177730400853216,21.73913043478261
GB-GBN,120000,20000,2.2665523142464092,6
GB-GBN,1000000,20000,0.9129441847789694,50
GB-GBN,100000,9000,0.5108864957016709,11.11111111111111
GB-GBN,4000000,15000,0.9067874522068778,266.6666666666667
GB-GBN,1000000,15000,0.9441973466538021,66.66666666666667
GB-GBN,100000,15000,0.4692981853100703,6.666666666666667
GB-GBN,50000,15000,0.469468382617883,3.3333333333333335
GB-GBN,150000,10000,2.015836959055306,15
GB-GBN,500000,18000,0.7564815554043836,27.77777777777778
GB-GBN,150000,6000,0.7193403309071129,25
GB-GBN,1000000,12000,0.9129441847789694,83.33333333333333
GB-GBN,400000,20000,1.5225073147885102,20
GB-GBN,120000,16000,0.9008883020159882,7.5
GB-GBN,90000,15000,0.889358796867122,6
GB-GBN,8000000,20000,0.5184856770801678,400
GB-GBN,2500000,15000,0.9234509400402177,166.66666666666666
GB-GBN,500000,18200,0.43090951539955613,27.47252747252747
GB-GBN,100000,20000,0.4874611884744446,5
GB-GBN,500000,18000,0.9844188480068234,27.77777777777778
GB-GBN,150000,18000,2.1914865943144775,8.333333333333334
GB-GBN,6000000,15000,0.4548976576693652,400
GB-GBN,800000,18000,0.5547920452580148,44.44444444444444
GB-GBN,72000,16000,0.4329534491340505,4.5
GB-GBN,60000,20000,0.7499013027740948,3
GB-GBN,100000,20000,1.3792179695669544,5
GB-GBN,1000000,15000,1.4889935417821554,66.66666666666667
GB-GBN,2000000,25000,0.5497428166984846,80
GB-GBN,85000,11000,1.4897567673980516,7.7272727272727275
GB-GBN,1000000,16000,0.8697581056601974,62.5
GB-GBN,40000,17000,0.46885092407422824,2.3529411764705883
GB-GBN,120000,17500,0.5566645914937327,6.857142857142857
GB-GBN,70000,10000,1.0964887325503088,7
GB-GBN,350000,19000,0.812330076186229,18.42105263157895
GB-GBN,50000,10000,2.400512441561249,5
GB-GBN,180000,15000,0.979490267226037,12
GB-GBN,250000,20000,0.450644478939678,12.5
GB-GBN,7000000,12000,1.2446769037785577,583.3333333333334
GB-GBN,500000,18000,3.100579258493202,27.77777777777778
GB-GBN,10000,35000,1.1246193344693638,0.2857142857142857
GB-GBN,50000,25000,0.43382955496661163,2
GB-GBN,500000,16000,1.2303183147089163,31.25
GB-GBN,600000,12000,0.8816988531078455,50
GB-GBN,600000,18000,1.2035361365101327,33.333333333333336
GB-GBN,100000,5000,0.8609050894222305,20
GB-GBN,4000,1000,1.3649458259462575,4
GB-GBN,12000000,18000,0.5966303897144423,666.6666666666666
GB-GBN,200000,20000,0.4952171931728197,10
GB-GBN,500000,15000,0.8746930132455805,33.333333333333336
GB-GBN,180000,12000,0.725526755611668,15
GB-GBN,100000,25000,1.0903810483742487,4
GB-GBN,80000,30000,1.2500672160116397,2.6666666666666665
GB-GBN,100000,18000,0.514680448644249,5.555555555555555
GB-GBN,40000,15000,1.5366824891664783,2.6666666666666665
GB-GBN,400000,14000,0.9799186106897189,28.571428571428573
GB-GBN,40000,15000,0.5866657977579858,2.6666666666666665
GB-GBN,200000,20000,0.7945811341939718,10
GB-GBN,250000,24000,0.5653356964391385,10.416666666666666
GB-GBN,70000,15000,0.5432842767546441,4.666666666666667
GB-GBN,45000,25000,1.4501512211895728,1.8
GB-GBN,65000,18000,0.8701063304795315,3.611111111111111
GB-GBN,30000,16000,1.3640739797445138,1.875
GB-GBN,60000,20000,0.4552482315498119,3
GB-GBN,100000,18000,1.1840782682188549,5.555555555555555
GB-GBN,200000,19000,0.45483996472843935,10.526315789473685
GB-GBN,80000,16000,1.1013588686906133,5
GB-GBN,1000000,8000,0.9577676534556792,125
GB-GBN,200000,8000,0.9262757016885453,25
GB-GBN,100000,15000,0.5027216290864411,6.666666666666667
GB-GBN,150000,20000,0.5939271528276738,7.5
GB-GBN,180000,18000,1.0229235928571156,10
GB-GBN,800000,16000,1.1517709729999397,50
GB-GBN,250000,10000,0.8364620749585747,25
GB-GBN,70000,12000,3.4526322330997314,5.833333333333333
GB-GBN,200000,16000,1.7283519695141327,12.5
GB-GBN,100000,25000,2.0247504871075335,4
GB-GBN,1200000,11000,0.6065193105822576,109.0909090909091
GB-GBN,900000,22000,0.8404011685570977,40.90909090909091
GB-GBN,160000,16000,1.3785379320352595,10
GB-GBN,3000,300,1.7356865526489047,10
GB-GBN,2000000,15000,0.46299518453269983,133.33333333333334
GB-GBN,100000,15000,0.5138247639829602,6.666666666666667
GB-GBN,500000,11000,0.9654161337967262,45.45454545454545
GB-GBN,150000,16000,1.53028803160979,9.375
GB-GBN,250000,22000,1.2714498110161503,11.363636363636363
GB-GBN,10000,3000,0.543487799409441,3.3333333333333335
GB-GBN,100000,18000,0.5666555555762802,5.555555555555555
GB-GBN,250000,12000,0.5953484287632508,20.833333333333332
GB-GBN,150000,20000,0.6670374516478348,7.5
GB-GBN,300000,12000,1.2279638664161492,25
GB-GBN,250000,19000,0.662396709155381,13.157894736842104
GB-GBN,50000,12000,0.5942330945469809,4.166666666666667
GB-GBN,400000,19000,1.3945912277539863,21.05263157894737
GB-GBN,100000,18000,0.8536585177771446,5.555555555555555
GB-GBN,50000,16000,0.6510912104742137,3.125
GB-GBN,100000,15000,0.990210254594681,6.666666666666667
GB-GBN,75000,15000,1.0995511565416036,5
GB-GBN,1000000,28000,1.0863510617710748,35.714285714285715
GB-GBN,125000,10500,1.8555367781638918,11.904761904761905
GB-GBN,250000,275,0.6475599138848408,909.0909090909091
GB-GBN,40000,14000,1.0179899381043263,2.857142857142857
GB-GBN,80000,16000,0.47296901612953257,5
GB-GBN,250000,15000,0.5638989480210331,16.666666666666668
GB-GBN,1000000,22000,0.8206968680946992,45.45454545454545
GB-GBN,100000,19000,1.1797027503864228,5.2631578947368425
GB-GBN,55000,25000,1.4151232747108409,2.2
GB-GBN,1800000,25000,1.0068219378002838,72
GB-GBN,500000,15000,1.9938735508604974,33.333333333333336
GB-GBN,500000,25000,0.4922094240034117,20
GB-GBN,1000000,15000,1.5268748144923445,66.66666666666667
GB-GBN,1000000,18000,0.942355745383141,55.55555555555556
GB-GBN,60000,16000,2.3568457132180205,3.75
GB-GBN,200000,16000,1.1474490764025047,12.5
GB-GBN,100000,13000,2.037018223862058,7.6923076923076925
GB-GBN,800000,12000,0.4588795981425823,66.66666666666667
GB-GBN,250000,17000,0.49220319116125966,14.705882352941176
GB-GBN,70000,14000,1.0944464901398157,5
GB-GBN,3000000,10000,0.5309201971736878,300
GB-GBN,500000,15000,0.46052212431415285,33.333333333333336
GB-GBN,250000,18000,1.3308913303925936,13.88888888888889
GB-GBN,70000,17000,1.0032430962139918,4.117647058823529
GB-GBN,140000,18000,2.75943720294255,7.777777777777778
GB-GBN,180000,20000,2.3654987773740817,9
GB-GBN,2000000,15000,1.1051617167446046,133.33333333333334
GB-GBN,200000,12500,0.9442181436748525,16
